{
  "project_info": {
    "project_number": "771608843442",
    "firebase_url": "https://tugasakhir-74d49.firebaseio.com",
    "project_id": "tugasakhir-74d49",
    "storage_bucket": "tugasakhir-74d49.appspot.com"
  },
  "client": [
    {
      "client_info": {
        "mobilesdk_app_id": "1:771608843442:android:18f791d5000c50875325ab",
        "android_client_info": {
          "package_name": "id.ac.umy.tugasakhir"
        }
      },
      "oauth_client": [
        {
          "client_id": "771608843442-pip77gn2fih02tdq2t21hemtv5e31b4c.apps.googleusercontent.com",
          "client_type": 3
        }
      ],
      "api_key": [
        {
          "current_key": "AIzaSyDCrqnPXJhX7atT3a5q3HVke1YoH4L5WH4"
        }
      ],
      "services": {
        "appinvite_service": {
          "other_platform_oauth_client": [
            {
              "client_id": "771608843442-pip77gn2fih02tdq2t21hemtv5e31b4c.apps.googleusercontent.com",
              "client_type": 3
            }
          ]
        }
      }
    }
  ],
  "configuration_version": "1"
}